{
  "best_model": "Random_Forest",
  "results": {
    "Logistic_Regression": {
      "test_accuracy": 0.955,
      "test_f1": 0.9485714285714286,
      "test_auc": 0.9871398133116883,
      "cv_f1_mean": 0.8879615958390051,
      "cv_f1_std": 0.019867044161522303
    },
    "Decision_Tree": {
      "test_accuracy": 0.985,
      "test_f1": 0.9827586206896551,
      "test_auc": 0.9934811282467532,
      "cv_f1_mean": 0.9637080110347812,
      "cv_f1_std": 0.01086935665863335
    },
    "Random_Forest": {
      "test_accuracy": 0.985,
      "test_f1": 0.9829545454545454,
      "test_auc": 0.9993912337662337,
      "cv_f1_mean": 0.9746259889290764,
      "cv_f1_std": 0.010524529583375223
    },
    "Gradient_Boosting": {
      "test_accuracy": 0.9825,
      "test_f1": 0.9799426934097422,
      "test_auc": 0.9983005275974026,
      "cv_f1_mean": 0.9773843262965747,
      "cv_f1_std": 0.004724670545920266
    }
  },
  "feature_names": [
    "income",
    "credit_score",
    "loan_amount",
    "years_employed",
    "city_frequency",
    "income_to_loan_ratio",
    "employment_stability"
  ],
  "n_features": 7,
  "n_samples": {
    "train": 1600,
    "test": 400,
    "total": 2000
  }
}